City_ID,City,Lat,Lng,Max Temp,Humidity,Cloudiness,Wind Speed,Country,Date
0,margaret river,-33.95,115.0667,64.07600000000009,72,81,4.79,AU,1703633236
1,ushuaia,-54.8,-68.3,51.458000000000006,46,0,14.92,AR,1703633286
2,veinticinco de mayo,-35.4323,-60.1727,70.95200000000008,55,0,2.81,AR,1703633289
3,straseni,47.1414,28.6103,44.42000000000006,89,23,4.26,MD,1703633291
4,katsuura,35.1333,140.3,48.68600000000007,65,79,4.31,JP,1703633291
5,san antonio de pale,-1.4014,5.6325,80.924,77,64,1.19,GQ,1703633292
6,lerwick,60.1545,-1.1494,38.89400000000008,53,65,4.67,GB,1703633292
7,grytviken,-54.2811,-36.5092,33.20600000000003,82,61,6.12,GS,1703633293
8,isafjordur,66.0755,-23.124,24.818000000000087,91,100,1.32,IS,1703633293
9,adamstown,-25.066,-130.1015,72.14000000000001,95,100,3.9,PN,1703633293
10,port-aux-francais,-49.35,70.2167,44.15,97,100,7.03,TF,1703633294
11,ostrov,57.3439,28.3537,25.736000000000068,97,97,1.96,RU,1703633296
12,bilibino,68.0546,166.4372,-35.08599999999997,99,99,0.22,RU,1703633296
13,waitangi,-43.9535,-176.5597,57.812000000000054,75,100,6.88,NZ,1703633297
14,remire-montjoly,4.9167,-52.2667,79.46600000000001,85,95,3.44,GF,1703633298
15,ilulissat,69.2167,-51.1,-1.5159999999999556,75,100,1.43,GL,1703633298
16,la passe,45.5549,-0.8967,46.544000000000075,93,76,3.96,FR,1703633299
17,barcelona,41.3888,2.159,56.858000000000004,41,0,5.66,ES,1703633179
18,gadzhiyevo,69.2551,33.3362,20.210000000000083,89,100,2.11,RU,1703633300
19,qui nhon,13.7667,109.2333,72.08600000000007,86,99,6.11,VN,1703633301
20,papatowai,-46.5619,169.4708,57.110000000000085,56,48,2.73,NZ,1703633301
21,upata,8.0086,-62.3989,82.184,61,89,0.84,VE,1703633303
22,albany,42.6001,-73.9662,43.80800000000001,92,100,1.01,US,1703633304
23,bethel,41.3712,-73.414,44.96000000000008,96,20,0.0,US,1703633087
24,edinburgh of the seven seas,-37.0676,-12.3116,63.391999999999996,98,99,6.85,SH,1703633305
25,mahibadhoo,3.7833,72.9667,83.44400000000007,75,99,8.87,MV,1703633306
26,rozhdestvenskiy,43.8664,39.5839,46.832000000000015,80,82,3.13,RU,1703633307
27,lebu,-37.6167,-73.65,60.29600000000005,82,25,3.44,CL,1703633307
28,midvagur,62.0511,-7.1939,34.79000000000002,65,63,5.22,FO,1703633309
29,nouadhibou,20.931,-17.0347,66.434,60,3,5.51,MR,1703633309
30,zhezqazghan,47.7833,67.7667,30.43399999999999,97,100,8.02,KZ,1703633310
31,ponta delgada,37.7333,-25.6667,57.92000000000006,77,75,3.09,PT,1703633310
32,dikhil,11.5,42.1667,68.32400000000001,76,2,4.14,DJ,1703633312
33,magadan,59.5667,150.8,5.954000000000054,80,96,5.17,RU,1703633313
34,bikenibeu village,1.3673,173.1241,89.56400000000004,74,75,3.2,KI,1703633317
35,tynemouth,55.0179,-1.4256,33.674000000000014,100,0,0.0,GB,1703633322
36,tolanaro,-25.0319,46.9987,80.67200000000004,78,20,0.0,MG,1703633322
37,tahe,52.3333,124.7333,-9.345999999999947,96,93,1.38,CN,1703633324
38,puerto ayora,-0.7393,-90.3518,77.558,91,37,2.68,EC,1703633324
39,blackmans bay,-43.0167,147.3167,68.12600000000009,70,91,3.44,AU,1703633325
40,chibougamau,49.9168,-74.3659,17.222000000000037,86,75,2.06,CA,1703633325
41,aasiaat,68.7098,-52.8699,4.4780000000000655,76,100,4.11,GL,1703633325
42,morehead city,34.7229,-76.726,66.02000000000007,84,100,3.58,US,1703633326
43,khandyga,62.6667,135.6,-31.917999999999985,98,100,0.36,RU,1703633326
44,homer,59.6425,-151.5483,30.77600000000009,87,100,8.23,US,1703633327
45,talnakh,69.4865,88.3972,-4.449999999999946,94,80,2.91,RU,1703633329
46,tangalle,6.024,80.7911,75.27200000000003,89,90,3.72,LK,1703633329
47,saint-pierre,-21.3393,55.4781,71.2760000000001,64,0,4.12,RE,1703633331
48,yambio,4.5721,28.3955,72.23000000000005,35,63,1.44,SS,1703633332
49,vila velha,-20.3297,-40.2925,76.94600000000005,83,100,6.69,BR,1703633084
50,mount isa,-20.7333,139.5,88.016,10,0,4.88,AU,1703633334
51,twin falls,42.3505,-114.6445,24.691999999999997,86,100,2.06,US,1703633334
52,nar'yan-mar,67.6713,53.087,22.1,83,100,8.05,RU,1703633335
53,les anglais,18.3054,-74.2197,77.72000000000006,83,26,1.26,HT,1703633336
54,hermanus,-34.4187,19.2345,61.80800000000001,70,99,10.32,ZA,1703633338
55,kidal,18.4411,1.4078,67.80200000000008,14,100,4.72,ML,1703633340
56,avarua,-21.2078,-159.775,78.85400000000006,61,40,7.2,CK,1703633341
57,suamico,44.6319,-88.0393,39.23600000000007,84,100,2.57,US,1703633343
58,colonia,50.9333,6.95,43.97000000000006,88,40,2.57,DE,1703633343
59,iqaluit,63.7506,-68.5145,20.930000000000042,62,100,3.09,CA,1703633344
60,ancud,-41.8697,-73.8203,62.978000000000065,71,2,0.93,CL,1703633344
61,mount warren park,-27.728,153.209,84.05600000000003,70,84,3.65,AU,1703633346
62,qaqortoq,60.7167,-46.0333,25.664000000000033,64,100,7.49,GL,1703633346
63,okakarara,-20.5833,17.4333,73.49000000000002,25,38,2.74,NA,1703633347
64,puerto natales,-51.7236,-72.4875,51.65600000000003,60,83,4.77,CL,1703633347
65,chipinge,-20.1883,32.6236,63.878000000000064,97,100,1.89,ZW,1703633348
66,hithadhoo,-0.6,73.0833,80.78000000000004,82,100,4.22,MV,1703633348
67,caluula,11.9661,50.7569,77.59400000000008,75,50,5.85,SO,1703633349
68,sao desiderio,-12.3633,-44.9733,81.03200000000001,41,71,0.92,BR,1703633349
69,ribeira grande,38.5167,-28.7,57.14600000000005,62,100,8.02,PT,1703633350
70,iranshahr,27.2025,60.6848,61.44800000000002,59,15,1.1,IR,1703633350
71,west island,-12.1568,96.8225,80.58200000000002,89,75,5.14,CC,1703633351
72,el porvenir,13.7617,-87.3458,83.53399999999999,60,41,2.04,HN,1703633352
73,jamestown,42.097,-79.2353,51.38600000000007,100,100,3.6,US,1703633353
74,tiksi,71.6872,128.8694,-15.609999999999978,100,98,1.36,RU,1703633354
75,hawaiian paradise park,19.5933,-154.9731,80.11400000000003,79,0,4.63,US,1703633354
76,port-gentil,-0.7193,8.7815,81.46400000000003,79,87,2.68,GA,1703633356
77,port alfred,-33.5906,26.891,60.188000000000045,97,99,1.34,ZA,1703633356
78,petropavlovsk-kamchatsky,53.0452,158.6483,7.448000000000025,79,75,3.0,RU,1703633357
79,nagarote,12.2659,-86.5647,87.47600000000008,68,56,3.09,NI,1703633358
80,noosa heads,-26.3833,153.15,79.10600000000002,83,100,5.12,AU,1703633309
81,hasaki,35.7333,140.8333,43.19600000000005,54,80,5.2,JP,1703633360
82,udachny,66.4167,112.4,-17.139999999999972,99,100,1.47,RU,1703633360
83,keflavik,64.0049,-22.5624,31.910000000000082,100,20,1.54,IS,1703633361
84,farmville,37.3021,-78.3919,54.518000000000086,93,100,2.58,US,1703633362
85,afaahiti,-17.75,-149.2833,84.07400000000001,74,98,7.09,PF,1703633362
86,yellowknife,62.456,-114.3525,23.558000000000003,86,20,6.17,CA,1703633363
87,stanley,54.868,-1.6985,31.783999999999992,100,0,0.0,GB,1703633363
88,invercargill,-46.4,168.35,56.01200000000006,74,67,1.34,NZ,1703633363
89,st. john's,47.5649,-52.7093,39.97400000000001,91,100,1.34,CA,1703633364
90,svyetlahorsk,52.6329,29.7389,41.9,80,98,8.32,BY,1703633364
91,kone,-21.0595,164.8658,86.41400000000003,54,75,2.32,NC,1703633365
92,kalengwa,-13.4659,25.0027,63.44600000000005,99,100,1.64,ZM,1703633365
93,bel ombre,-4.6167,55.4167,80.43800000000005,89,40,2.06,SC,1703633365
94,zarinsk,53.7074,84.9493,15.728000000000065,96,100,2.52,RU,1703633366
95,chauvigny,46.5675,0.6493,44.978000000000065,92,100,3.07,FR,1703633367
96,ambon,-3.6954,128.1814,78.94400000000007,89,40,2.06,ID,1703633367
97,jieshi,22.8134,115.8257,58.13600000000007,65,65,2.95,CN,1703633368
98,kavieng,-2.5744,150.7967,83.3,74,94,1.42,PG,1703633369
99,lagoa,39.05,-27.9833,56.33600000000007,62,100,9.13,PT,1703633369
100,pimentel,-6.8367,-79.9342,71.72600000000008,81,99,4.8,PE,1703633370
101,saldanha,-33.0117,17.9442,71.65400000000005,69,78,7.14,ZA,1703633370
102,oppdal,62.5943,9.6912,24.241999999999997,93,100,6.75,NO,1703633371
103,berezovyy,51.6667,135.7,-11.469999999999956,91,42,1.76,RU,1703633371
104,bejaia,36.7559,5.0843,54.96800000000009,67,2,0.6,DZ,1703633372
105,yelizovo,53.1873,158.3805,8.798000000000023,72,75,3.0,RU,1703633372
106,aioun,16.6614,-9.6149,75.00200000000008,7,2,4.04,MR,1703633373
107,utrik,11.2278,169.8474,81.48200000000001,86,99,8.86,MH,1703633373
108,ebaye,8.7748,167.7392,84.21800000000009,79,40,6.17,MH,1703633245
109,dolinsk,47.35,142.8,7.718000000000085,86,97,1.74,RU,1703633374
110,volda,62.1476,6.0741,40.51400000000003,86,75,3.09,NO,1703633374
111,aral,40.5156,81.2636,29.354000000000052,40,95,1.41,CN,1703633375
112,georgetown,5.4112,100.3354,76.94600000000005,86,75,1.57,MY,1703633119
113,balakliya,49.4627,36.8595,45.03200000000002,90,100,7.74,UA,1703633377
114,bredasdorp,-34.5322,20.0403,63.03200000000002,67,99,7.81,ZA,1703633377
115,kodiak,57.79,-152.4072,35.11400000000003,69,0,4.63,US,1703633378
116,kurmuk,10.55,34.2833,75.74000000000002,45,21,1.91,SD,1703633380
117,whitehorse,60.7161,-135.0538,29.174000000000014,50,75,9.26,CA,1703633380
118,nemuro,43.3236,145.575,27.680000000000042,64,22,8.98,JP,1703633380
119,salinopolis,-0.6136,-47.3561,81.158,85,100,4.15,BR,1703633363
120,sittwe,20.15,92.9,68.09000000000002,87,1,2.11,MM,1703633381
121,anadyr,64.75,177.4833,-1.6959999999999482,78,0,4.0,RU,1703633382
122,port mathurin,-19.6833,63.4167,79.86200000000005,79,96,1.59,MU,1703633382
123,thompson,55.7435,-97.8558,5.162000000000056,92,20,0.0,CA,1703633383
124,natal,-5.795,-35.2094,81.24800000000002,83,20,3.09,BR,1703633383
125,zapala,-38.8992,-70.0544,81.01400000000004,20,21,5.43,AR,1703633163
126,geneseo,42.7959,-77.8169,51.47600000000009,81,100,0.89,US,1703633384
127,pedro ii,-4.4247,-41.4586,76.49600000000005,68,90,0.2,BR,1703633385
128,fort st. john,56.2499,-120.8529,39.092,38,40,11.83,CA,1703633385
129,east london,-33.0153,27.9116,64.58000000000004,74,98,5.4,ZA,1703633385
130,kapa'a,22.0752,-159.319,78.78200000000001,88,100,4.12,US,1703633386
131,lompoc,34.6391,-120.4579,61.79000000000002,80,0,5.66,US,1703633324
132,chonchi,-42.6128,-73.8092,65.69600000000005,53,0,2.59,CL,1703633386
133,xining,36.6167,101.7667,25.88000000000004,33,0,0.85,CN,1703633387
134,nasiriyah,31.0521,46.261,58.94600000000005,53,0,4.3,IQ,1703633387
135,champerico,14.3,-91.9167,90.14000000000001,67,5,4.75,GT,1703633388
136,teufen,47.3908,9.3864,36.122000000000035,100,0,1.03,CH,1703633388
137,cloverdale,38.8055,-123.0172,59.306000000000026,72,85,0.89,US,1703633388
138,khanty-mansiysk,61.0042,69.0019,26.708000000000006,80,75,8.05,RU,1703633389
139,darwin,-12.4611,130.8418,87.78200000000001,81,40,3.6,AU,1703633225
140,mugango,-1.6833,33.7,69.81800000000008,86,100,2.73,TZ,1703633241
141,la'ie,21.6477,-157.9253,82.36400000000003,67,3,4.7,US,1703633390
142,al burayqah,30.4062,19.5739,61.754000000000055,68,2,1.21,LY,1703633391
143,tommot,58.9564,126.2925,-9.561999999999955,100,100,1.24,RU,1703633392
144,sinton,28.0367,-97.5092,64.36400000000003,55,100,0.24,US,1703633392
145,port macquarie,-31.4333,152.9167,85.892,36,0,2.43,AU,1703633392
146,brisas de zicatela,15.8369,-97.0419,84.72200000000004,58,0,3.09,MX,1703633396
147,yuzhno-kurilsk,44.0306,145.8556,27.680000000000042,68,78,8.91,RU,1703633396
148,divnomorskoye,44.5011,38.1353,51.944000000000074,96,81,6.3,RU,1703633398
149,tual,-5.6667,132.75,83.192,78,100,3.35,ID,1703633398
150,banda aceh,5.5577,95.3222,78.00800000000001,89,100,5.86,ID,1703633399
151,hammerfest,70.6634,23.6821,27.05,68,20,6.17,NO,1703633399
152,olonkinbyen,70.9221,-8.7187,18.86000000000008,62,98,6.99,SJ,1703633124
153,bu'aale,1.0833,42.5833,77.72000000000006,86,77,4.18,SO,1703633400
154,kingston,17.997,-76.7936,83.35400000000006,97,75,4.63,JM,1703633401
155,marquette,46.5333,-87.6335,41.82800000000007,99,100,0.45,US,1703633402
156,newman,37.3138,-121.0208,59.342,56,100,1.65,US,1703633226
157,dongobesh,-4.0667,35.3833,59.288000000000046,84,100,3.34,TZ,1703633406
158,nha trang,12.25,109.1833,77.0,85,89,2.91,VN,1703633407
159,revda,56.801,59.9303,19.25600000000003,88,100,6.83,RU,1703633408
160,port lincoln,-34.7333,135.8667,65.37200000000004,73,37,4.15,AU,1703633408
161,wailua homesteads,22.0669,-159.378,77.43200000000002,88,100,4.12,US,1703633409
162,nueva imperial,-38.7333,-72.95,61.754000000000055,72,61,3.39,CL,1703633410
163,fuling,29.7022,107.3919,47.46200000000006,79,5,0.73,CN,1703633410
164,haikou,20.0458,110.3417,66.32600000000009,88,40,5.0,CN,1703633411
165,tobruk,32.0836,23.9764,61.088000000000044,65,13,2.9,LY,1703633411
166,palikir - national government center,6.9248,158.1611,83.24600000000005,100,75,4.63,FM,1703633412
167,haiku-pauwela,20.9219,-156.3051,73.41800000000009,74,100,6.17,US,1703633412
168,baymak,52.5933,58.3225,15.764000000000031,97,98,1.21,RU,1703633414
169,papao,-17.75,-149.55,85.67600000000009,75,88,7.82,PF,1703633414
170,inhambane,-23.865,35.3833,76.58600000000007,70,100,4.18,MZ,1703633415
171,aligudarz,33.4006,49.6949,35.06000000000008,40,0,1.18,IR,1703633416
172,fale old settlement,-9.3852,-171.2468,84.542,75,77,4.57,TK,1703633416
173,dano,11.15,-3.0667,72.608,13,1,2.72,BF,1703633417
174,mubi,10.2676,13.2644,63.71600000000001,33,64,1.4,NG,1703633418
175,fomboni,-12.28,43.7425,84.23600000000008,75,93,6.25,KM,1703633421
176,dul'durga,50.6761,113.5931,-8.391999999999946,97,19,1.35,RU,1703633423
177,masuda,34.6667,131.85,41.27000000000006,87,75,3.6,JP,1703633424
178,tazacorte,28.629,-17.9293,63.57200000000004,55,0,4.63,ES,1703633425
179,port elizabeth,-33.918,25.5701,65.10200000000007,84,96,0.89,ZA,1703633426
180,puerto baquerizo moreno,-0.9,-89.6,75.75800000000001,82,1,4.41,EC,1703633426
181,santa ana,33.7456,-117.8678,71.49199999999999,63,75,2.57,US,1703633391
182,six-fours-les-plages,43.0938,5.84,52.44800000000002,76,9,3.19,FR,1703633427
183,dunedin,-45.8742,170.5036,47.80400000000005,72,100,2.25,NZ,1703633428
184,nuku'alofa,-21.1333,-175.2,84.542,70,40,6.69,TO,1703633429
185,longyearbyen,78.2186,15.6401,14.036000000000069,83,100,5.13,SJ,1703633430
186,vanimo,-2.6741,141.3028,75.92000000000006,96,100,1.57,PG,1703633430
187,akureyri,65.6835,-18.0878,30.128000000000064,86,75,2.06,IS,1703633431
188,hermosillo,29.0667,-110.9667,78.24199999999999,22,0,3.6,MX,1703633431
189,lihue,21.9789,-159.3672,78.04400000000007,82,100,4.12,US,1703633145
190,hamilton,39.1834,-84.5333,53.07800000000007,88,100,0.89,US,1703633356
191,namibe,-15.1961,12.1522,69.51200000000006,78,100,2.17,AO,1703633434
192,kalmunai,7.4167,81.8167,77.45,89,89,2.88,LK,1703633434
193,aghajari,30.7006,49.8315,59.82800000000007,49,0,3.9,IR,1703633435
194,kirkuk,35.4681,44.3922,51.20600000000003,75,0,2.35,IQ,1703633433
195,college,64.8569,-147.8028,-9.903999999999954,77,75,0.0,US,1703633437
196,umba,66.6871,34.3429,16.141999999999996,95,100,2.55,RU,1703633437
197,syas'stroy,60.1367,32.5691,12.776000000000089,98,99,2.0,RU,1703633438
198,plettenberg bay,-34.0527,23.3716,60.17000000000006,75,88,4.08,ZA,1703633438
199,vasind,19.4167,73.2667,70.86200000000005,44,2,1.01,IN,1703633439
200,la sarre,48.8002,-79.1996,26.348000000000024,80,100,2.9,CA,1703633294
201,pionerskiy,54.9508,20.2275,38.13800000000005,81,100,12.61,RU,1703633440
202,codrington,-38.2667,141.9667,64.00400000000005,92,100,4.5,AU,1703633442
203,alice springs,-23.7,133.8833,85.55,11,1,3.6,AU,1703633443
204,dryden,49.7833,-92.7503,25.088000000000044,100,100,4.12,CA,1703633443
205,morococha,-11.5997,-76.1411,41.46800000000009,81,99,2.78,PE,1703633444
206,vadso,70.0744,29.7487,30.36200000000006,64,75,4.12,NO,1703633445
207,kalachinsk,55.0529,74.5751,24.15200000000008,83,98,9.07,RU,1703633446
208,bethanie,-26.4833,17.15,75.72200000000004,38,0,1.53,NA,1703633446
209,barra dos coqueiros,-10.9089,-37.0386,80.61800000000008,83,0,5.14,BR,1703633242
210,ilha de mocambique,-15.0342,40.7358,82.09400000000008,83,86,6.08,MZ,1703633447
211,doetinchem,51.95,6.2833,42.11600000000001,92,100,1.68,NL,1703633447
212,harstad,68.799,16.5293,23.23399999999999,89,100,6.06,NO,1703633449
213,lamu,-2.2717,40.902,81.06800000000008,80,80,5.6,KE,1703633449
214,totskoye,52.5248,52.7623,21.883999999999993,97,97,2.57,RU,1703633449
215,lang son,21.8333,106.7333,51.44000000000002,63,0,1.28,VN,1703633450
216,barguzin,53.6167,109.6167,-0.2739999999999583,91,72,0.96,RU,1703633450
217,sao gabriel da cachoeira,-0.1303,-67.0892,75.2,97,95,0.32,BR,1703633451
218,quellon,-43.1167,-73.6167,56.444000000000074,71,3,4.85,CL,1703633451
219,coquimbo,-29.9533,-71.3436,67.73000000000005,68,20,2.57,CL,1703633452
220,puerto san jose,13.9256,-90.8244,80.42000000000006,73,3,4.29,GT,1703633453
221,castillos,-34.1667,-53.8333,57.97400000000001,78,2,1.62,UY,1703633453
222,formosa do rio preto,-11.0483,-45.1931,81.30200000000008,42,76,1.34,BR,1703633453
223,cold lake,54.4502,-110.2017,25.898000000000025,63,2,2.95,CA,1703633454
224,sarandi del yi,-33.35,-55.6333,62.54600000000005,59,0,3.59,UY,1703633454
225,luderitz,-26.6481,15.1594,60.458000000000006,96,23,0.96,NA,1703633456
226,namdrik,5.5994,168.1028,82.68800000000005,79,23,3.82,MH,1703633457
227,santiago de cao,-7.9589,-79.2392,70.88000000000004,85,87,4.35,PE,1703633459
228,dudinka,69.4058,86.1778,-7.3299999999999415,97,99,1.79,RU,1703633461
229,parnu,58.3859,24.4971,30.29000000000002,100,100,2.06,EE,1703633462
230,vorgashor,67.5833,63.95,16.48399999999999,88,91,5.09,RU,1703633463
231,arraial do cabo,-22.9661,-42.0278,78.76400000000004,73,75,4.63,BR,1703633289
232,oranjemund,-28.55,16.4333,62.294000000000075,87,0,2.31,NA,1703633464
233,kuanda,56.3161,116.0806,-16.88799999999994,99,99,0.71,RU,1703633465
234,reyes,-14.3167,-67.3833,77.84600000000005,85,99,0.64,BO,1703633465
235,gdov,58.7406,27.8122,28.65200000000008,93,100,1.65,RU,1703633466
236,bandarbeyla,9.4942,50.8122,77.09000000000002,80,74,8.58,SO,1703633467
237,torbat-e heydariyeh,35.274,59.2195,43.39400000000008,49,2,1.79,IR,1703633467
238,badger,64.8,-147.5333,-9.993999999999971,81,75,0.0,US,1703633468
239,benjamin aceval,-24.9667,-57.5667,80.74400000000007,71,79,2.34,PY,1703633468
240,punta arenas,-53.15,-70.9167,53.11400000000003,46,96,9.19,CL,1703633231
241,howrah,22.5892,88.3103,62.6,88,20,0.0,IN,1703633469
242,ballina,-28.8667,153.5667,84.7760000000001,57,23,3.22,AU,1703633469
243,galesong,-5.3166,119.3661,82.31000000000009,76,100,2.32,ID,1703633470
244,talakan,50.3167,130.3667,-18.18399999999994,100,100,0.79,RU,1703633470
245,grand falls-windsor,48.9332,-55.6649,29.33600000000007,72,91,4.96,CA,1703633270
246,tsiombe,-25.3,45.4833,73.70600000000003,85,88,1.89,MG,1703633471
247,chernyshevsk,52.5243,117.0174,-21.639999999999965,100,96,1.09,RU,1703633472
248,gusev,54.5922,22.1997,36.64400000000008,93,100,7.29,RU,1703633472
249,seoul,37.5683,126.9778,27.841999999999995,84,11,0.79,KR,1703633851
250,zambezi,-13.5432,23.1047,66.2,98,100,2.19,ZM,1703633473
251,tarko-sale,64.9225,77.785,12.074000000000012,93,88,7.51,RU,1703633473
252,vilhena,-12.7406,-60.1458,73.61600000000001,94,75,4.63,BR,1703633474
253,saipan,15.1355,145.701,83.10200000000007,78,20,8.23,MP,1703633474
254,arawa,-6.2132,155.5367,87.674,67,55,1.34,PG,1703633482
255,kapuskasing,49.4169,-82.4331,24.890000000000022,86,100,3.09,CA,1703633482
256,kenai,60.5544,-151.2583,12.14600000000005,88,100,8.75,US,1703633483
257,bredy,52.4153,60.3411,19.958000000000006,97,100,1.57,RU,1703633484
258,sao felix do xingu,-6.6447,-51.995,78.36800000000008,72,100,0.94,BR,1703633484
259,hovd,48.0056,91.6419,3.2180000000000852,87,66,0.41,MN,1703633485
260,terenozek,45.05,64.9833,41.648000000000025,67,100,6.2,KZ,1703633486
261,myitkyina,25.3833,97.4,57.182000000000016,91,0,1.0,MM,1703634039
262,okha,53.5739,142.9478,-7.671999999999933,97,100,5.75,RU,1703634040
263,scottburgh,-30.2867,30.7532,65.55200000000008,80,100,2.73,ZA,1703634040
264,xianyang,34.3378,108.7026,25.844000000000072,80,16,2.0,CN,1703634042
265,island harbour,50.724,-1.2758,50.93600000000007,92,100,3.13,GB,1703634042
266,mani,4.8172,-72.2886,83.408,61,96,1.05,CO,1703634043
267,zeya,53.75,127.2667,-22.521999999999935,97,11,1.1,RU,1703634043
268,beauceville,46.2179,-70.7787,38.21000000000008,97,100,0.6,CA,1703633904
269,acajutla,13.5928,-89.8275,77.234,79,39,2.18,SV,1703634044
270,port moresby,-9.4431,147.1797,86.36000000000008,61,71,2.67,PG,1703634044
271,villa maria,-32.4075,-63.2402,74.82200000000003,74,96,4.16,AR,1703634045
272,qashyr,53.0675,76.1036,27.17600000000009,81,75,8.48,KZ,1703634045
273,srivardhan,18.0333,73.0167,73.20200000000008,46,3,2.28,IN,1703634045
274,kulim,5.365,100.5618,76.55,92,72,0.77,MY,1703634046
275,golyshmanovo,56.3979,68.3728,24.74600000000005,93,100,10.67,RU,1703634046
276,chinde,26.8418,88.0763,50.03600000000007,89,2,2.09,NP,1703634048
277,bafra,41.5678,35.9069,53.00600000000003,62,0,3.0,TR,1703634048
278,pacific grove,36.6177,-121.9166,58.424000000000014,80,0,3.09,US,1703634049
279,gwandu,12.4938,4.6423,64.14800000000002,16,0,4.97,NG,1703634049
280,boquira,-12.8231,-42.7306,84.21800000000009,40,96,2.01,BR,1703634050
281,isla del bosque,22.7333,-105.85,72.95,72,100,5.39,MX,1703634051
282,altamira,-3.2033,-52.2064,79.66400000000003,75,100,0.68,BR,1703634051
283,puerto leguizamo,-0.1934,-74.7819,73.41800000000009,98,99,0.77,CO,1703634051
284,mozarlandia,-14.7447,-50.5706,72.96800000000009,96,91,5.74,BR,1703634052
285,suntar,62.1444,117.6319,-31.377999999999965,100,98,0.52,RU,1703634052
286,boke,10.9409,-14.2967,71.34800000000003,79,0,0.3,GN,1703634053
287,chandpur,29.15,78.2667,54.28399999999999,54,37,0.8,IN,1703634054
288,buenavista del norte,28.3746,-16.861,66.95600000000003,60,0,4.12,ES,1703634054
289,la reforma,25.0833,-108.05,69.908,59,0,4.6,MX,1703634055
290,sidney,-33.8679,151.2073,77.36000000000008,67,30,0.89,AU,1703633993
291,iskateley,67.6803,53.1512,22.640000000000022,86,100,7.88,RU,1703634056
292,tadmur,34.5608,38.2805,51.83600000000007,75,0,2.56,SY,1703634056
293,felege neway,6.3,36.8833,68.07200000000003,61,82,0.22,ET,1703634057
294,labytnangi,66.6572,66.4183,24.458000000000006,94,100,8.91,RU,1703634057
295,ust-nera,64.5667,143.2,-37.605999999999966,100,100,0.79,RU,1703634058
296,mili,6.0815,171.735,82.92200000000004,83,100,6.71,MH,1703634058
297,mahina,-17.5065,-149.489,85.766,66,20,2.06,PF,1703634058
298,bemidji,47.4736,-94.8803,35.36600000000001,100,100,2.52,US,1703634059
299,emkhomazi,-30.2067,30.7978,65.48000000000005,81,100,2.8,ZA,1703634059
300,tabalah,19.95,42.4,61.016000000000005,37,1,3.59,SA,1703634059
301,castel di sangro,41.7737,14.1035,41.288000000000046,83,3,0.63,IT,1703634060
302,ilhabela,-23.7781,-45.3581,73.88600000000007,76,100,1.13,BR,1703634044
303,whangarei,-35.7317,174.3239,79.37600000000009,56,100,1.11,NZ,1703634061
304,vila franca do campo,37.7167,-25.4333,57.61400000000003,77,100,6.32,PT,1703634061
305,vyritsa,59.4078,30.3481,26.114000000000033,99,98,1.66,RU,1703634062
306,taishan,22.2514,112.7799,61.358000000000004,39,95,1.74,CN,1703634063
307,al hamul,31.3115,31.1477,59.648000000000025,81,0,2.91,EG,1703634063
308,nova sintra,14.8667,-24.7167,69.81800000000008,78,0,7.18,CV,1703634063
309,amga,60.8953,131.9608,-28.011999999999958,100,100,1.29,RU,1703634064
310,talavera de la reina,39.9635,-4.8308,39.43399999999999,74,0,1.57,ES,1703634064
311,aljezur,37.3191,-8.8033,58.838000000000044,63,8,0.51,PT,1703634065
312,paita,-5.0892,-81.1144,69.87200000000004,87,93,4.75,PE,1703634065
313,sabha,27.0377,14.4283,53.096000000000046,63,2,1.64,LY,1703634067
314,lautoka,-17.6167,177.4667,85.85600000000002,66,40,5.14,FJ,1703633921
315,klyuchi,52.2667,79.1667,22.891999999999996,82,21,5.84,RU,1703634068
316,pauini,-7.7136,-66.9764,71.76200000000006,99,87,0.53,BR,1703634068
317,az zawiyah,32.0963,35.0398,65.58800000000005,45,0,7.2,PS,1703634069
318,magong,23.5654,119.5863,66.34400000000008,83,99,9.42,TW,1703634069
319,scarborough,54.2797,-0.4044,39.65,90,100,4.88,GB,1703634070
320,constantia,44.1833,28.65,54.69800000000002,66,100,5.21,RO,1703634070
321,macapa,0.0389,-51.0664,82.09400000000008,74,89,5.5,BR,1703634070
322,sinop,41.7711,34.8709,47.588000000000044,71,3,2.63,TR,1703634072
323,fortuna,40.5982,-124.1573,58.11800000000009,56,20,6.69,US,1703634073
324,druzhny,53.6238,27.8977,36.82400000000001,82,93,9.91,BY,1703634073
325,heunghae,36.1125,129.3522,37.508,67,73,1.32,KR,1703634074
326,oyon,-10.6681,-76.7731,49.424000000000014,89,100,1.37,PE,1703634074
327,san patricio,28.017,-97.5169,61.84400000000007,58,100,1.46,US,1703634075
328,tazovsky,67.4667,78.7,11.930000000000042,92,100,8.24,RU,1703634076
329,chiang mai,18.75,99.0,62.67200000000004,94,20,1.03,TH,1703633946
330,tongouson,5.0214,120.1328,80.6,85,68,0.57,PH,1703634077
331,hilo,19.7297,-155.09,89.2760000000001,69,0,4.63,US,1703633878
332,mil'kovo,55.6078,37.7956,29.714000000000034,97,100,2.03,RU,1703634078
333,huarmey,-10.0681,-78.1522,72.10400000000006,84,94,3.54,PE,1703634079
334,bengkulu,-3.8004,102.2655,76.892,92,79,1.59,ID,1703634079
335,shawnee,39.05,-95.7669,34.12400000000001,93,100,1.54,US,1703634006
336,eldorado,-23.7869,-54.2836,72.75200000000008,66,74,2.28,BR,1703634082
337,atafu village,-8.5421,-172.5159,84.92000000000006,74,93,3.98,TK,1703634083
338,nuuk,64.1835,-51.7216,36.21200000000006,51,100,7.72,GL,1703634085
339,crane,31.3974,-102.3501,50.99000000000002,15,0,3.58,US,1703634085
340,moab,38.5733,-109.5498,37.45400000000005,64,37,0.79,US,1703633812
341,toliara,-23.35,43.6667,76.01000000000008,87,71,1.28,MG,1703634087
342,kendari,-3.945,122.4989,78.83600000000007,90,100,1.05,ID,1703634087
343,manicore,-5.8092,-61.3003,76.19000000000003,88,76,1.1,BR,1703634088
344,savoy,45.5,6.4167,40.820000000000064,56,73,3.15,FR,1703634089
345,mossel bay,-34.1831,22.146,63.96800000000009,71,85,9.41,ZA,1703634089
346,smirnykh,49.75,142.8333,0.35600000000003007,90,25,1.73,RU,1703634090
347,saynshand,44.8824,110.1163,-0.021999999999934516,95,88,2.96,MN,1703634090
348,el calafate,-50.3408,-72.2768,56.06600000000001,54,99,6.2,AR,1703634091
349,alofi,-19.0595,-169.9187,82.292,69,75,7.2,NU,1703634092
350,dolores,-36.3132,-57.6792,65.55200000000008,70,1,3.28,AR,1703634092
351,usogorsk,63.4106,48.6872,17.564000000000032,96,100,2.23,RU,1703634093
352,kostomuksha,64.571,30.5767,12.038000000000046,97,100,0.89,RU,1703634093
353,whakatane,-37.9585,176.9854,83.87600000000009,72,12,1.34,NZ,1703634095
354,sur,22.5667,59.5289,75.92000000000006,56,76,0.8,OM,1703634095
355,belo sur tsiribihina,-19.7,44.55,76.11800000000008,90,70,1.62,MG,1703634096
356,simdega,22.6167,84.5167,57.07400000000001,61,0,1.92,IN,1703634096
357,ixmiquilpan,20.4833,-99.2333,58.49600000000005,69,100,1.62,MX,1703634097
358,guerrero negro,27.9769,-114.0611,67.40600000000003,53,28,5.46,MX,1703634098
359,kailua-kona,19.6406,-155.9956,78.76400000000004,81,75,3.6,US,1703634099
360,constitucion,-35.3333,-72.4167,57.938000000000045,87,75,2.83,CL,1703634099
361,guaitarilla,1.1386,-77.553,55.59800000000003,98,100,0.24,CO,1703634101
362,borba,-4.3878,-59.5939,78.65600000000003,80,90,0.6,BR,1703634102
363,weno,7.4515,151.8468,83.516,75,47,7.2,FM,1703634102
364,sanguem,15.2333,74.1667,67.83800000000005,56,1,2.76,IN,1703634102
365,vernon,50.2581,-119.2691,39.812000000000054,96,23,0.86,CA,1703634103
366,sisimiut,66.9395,-53.6735,14.918000000000085,68,100,1.46,GL,1703634103
367,riachao das neves,-11.7461,-44.91,84.50600000000003,38,55,2.12,BR,1703634105
368,yarmouth,41.7057,-70.2286,44.74400000000007,96,100,0.45,US,1703634021
369,newport beach,33.6189,-117.9289,70.07000000000006,73,75,2.57,US,1703633922
370,quirinopolis,-18.4483,-50.4517,77.21600000000001,74,98,3.01,BR,1703633899
371,changyon,38.2508,125.0961,22.694000000000074,91,10,1.45,KP,1703634107
372,yaren,-0.5472,166.916,83.26400000000004,72,92,2.53,NR,1703633968
373,orlovskiy,46.8714,42.0592,44.33000000000004,88,64,7.07,RU,1703634108
374,antofagasta,-23.65,-70.4,69.08000000000004,85,92,2.9,CL,1703634071
375,yakuplu,40.9889,28.6758,54.608000000000004,84,0,5.77,TR,1703634110
376,borkum,53.5809,6.6915,39.938000000000045,73,88,5.63,DE,1703634110
377,awgu,6.0742,7.4786,74.87600000000009,27,86,0.86,NG,1703634111
378,khromtau,50.2503,58.4347,26.69000000000002,94,99,8.47,KZ,1703634111
379,tecate,32.5667,-116.6333,68.57600000000009,34,99,2.23,MX,1703634112
380,san isidro,-12.1167,-77.05,72.98600000000008,73,0,6.69,PE,1703634112
381,juegang,32.3174,121.1855,46.43600000000007,85,99,3.15,CN,1703634113
382,dwarka,22.2394,68.9678,71.6,51,17,5.06,IN,1703634113
383,orem,40.2969,-111.6946,34.952000000000076,55,0,2.57,US,1703633829
384,manokwari,-0.8667,134.0833,81.77000000000007,68,85,0.94,ID,1703634114
385,sao joao da barra,-21.6403,-41.0511,72.10400000000006,96,100,3.94,BR,1703634114
386,tateyama,34.9833,139.8667,50.09000000000002,55,72,5.08,JP,1703634115
387,smara,26.7384,-11.6719,59.73800000000004,24,1,4.01,EH,1703634115
388,mersing,2.4312,103.8405,80.51000000000008,89,40,4.63,MY,1703634116
389,tres arroyos,-38.3739,-60.2798,64.81400000000004,70,57,3.55,AR,1703634116
390,mar del plata,-38.0023,-57.5575,68.01800000000009,74,0,4.12,AR,1703634117
391,upington,-28.4478,21.2561,75.57800000000006,46,0,3.09,ZA,1703634118
392,santa terezinha,-29.9002,-50.0904,61.358000000000004,84,0,1.15,BR,1703634118
393,halabjah,35.1778,45.9861,46.23800000000004,75,0,1.24,IQ,1703634119
394,new norfolk,-42.7826,147.0587,69.29600000000005,52,84,1.75,AU,1703634119
395,shengli,37.4564,118.4856,27.86000000000008,83,83,2.0,CN,1703634121
396,onega,63.9061,38.1404,20.98399999999999,97,100,3.75,RU,1703634122
397,summerland,49.5998,-119.6691,39.92000000000006,73,75,5.66,CA,1703634122
398,gizo,-8.103,156.8419,84.66800000000009,70,57,1.16,SB,1703634123
399,shimoda,34.6667,138.95,52.10600000000003,62,99,1.37,JP,1703634123
400,mapleton,40.1302,-111.5785,35.041999999999994,59,0,2.57,US,1703634123
401,mankera,31.3866,71.4407,60.11600000000001,34,0,1.98,PK,1703634124
402,gidam,18.9833,81.4,58.891999999999996,60,3,1.1,IN,1703634125
403,bubaque,11.2833,-15.8333,78.63800000000005,68,0,3.4,GW,1703634126
404,barra,-11.0894,-43.1417,84.02000000000007,43,69,2.6,BR,1703634126
405,mangaratiba,-22.9597,-44.0406,73.99400000000007,99,100,1.19,BR,1703634126
406,queenstown,-31.8976,26.8753,51.22400000000001,96,100,2.08,ZA,1703634127
407,saint-joseph,-21.3667,55.6167,71.97800000000007,67,42,2.3,RE,1703634127
408,chupaca,-12.0667,-75.2833,56.498000000000026,78,100,2.47,PE,1703634128
409,bhag,29.0415,67.8239,61.358000000000004,29,0,1.66,PK,1703634128
410,vicuna mackenna,-33.9197,-64.3922,77.50400000000005,46,79,5.68,AR,1703634129
411,ilebo,-4.3167,20.5833,71.25800000000001,99,100,0.89,CD,1703634129
412,turriff,57.5384,-2.4593,33.78200000000002,82,100,2.85,GB,1703634130
413,mejit,10.2753,170.8646,81.42800000000007,85,72,8.82,MH,1703634130
414,gursarai,25.6148,79.1788,56.73200000000001,58,16,1.06,IN,1703634131
415,essaouira,31.5125,-9.77,58.58600000000007,64,0,6.74,MA,1703634131
416,lospalos,-8.5186,127.0025,82.04000000000002,72,100,0.51,TL,1703634131
417,montagu,-40.7667,144.9667,70.32200000000003,56,60,3.99,AU,1703634132
418,krasnogvardeyskoye,45.8456,41.5186,50.504000000000055,74,69,7.95,RU,1703634132
419,nizao,18.25,-70.2,78.47600000000008,79,7,3.51,DO,1703634133
420,sanctuary point,-35.1114,150.629,75.32600000000009,67,100,1.32,AU,1703634134
421,verkhnevilyuysk,63.4453,120.3167,-37.47999999999993,100,100,1.48,RU,1703634135
422,vorkuta,67.5,64.0,17.15,89,91,5.41,RU,1703634135
423,boa vista,2.8197,-60.6733,84.61400000000003,59,100,1.44,BR,1703634136
424,chinch'on,36.8567,127.4433,27.73399999999999,100,24,1.03,KR,1703634137
425,ust'-uda,54.1742,103.0304,2.3540000000000525,98,92,0.6,RU,1703634138
426,dhulia,20.9,74.7833,68.75600000000003,44,37,1.86,IN,1703634139
427,belozersk,60.0326,37.7957,15.98000000000004,97,98,0.81,RU,1703634139
428,jidd hafs,26.2186,50.5478,72.05,76,1,1.34,BH,1703634139
429,lazaro cardenas,17.9583,-102.2,74.58800000000005,66,100,2.53,MX,1703634140
430,tralee,52.2704,-9.7026,51.530000000000044,96,100,4.68,IE,1703634140
431,dakhla,23.6848,-15.958,63.75200000000008,75,1,5.23,EH,1703634142
432,puerto colombia,10.9878,-74.9547,80.43800000000005,87,14,9.7,CO,1703634142
433,rahuri,19.3833,74.65,65.01200000000006,47,2,1.3,IN,1703634143
434,kilju,40.9642,129.3278,21.56000000000008,76,66,1.49,KP,1703634143
435,da lat,11.9465,108.4419,58.13600000000007,92,64,1.6,VN,1703634144
436,djamaa,33.5339,5.9931,55.52600000000009,41,84,1.19,DZ,1703634145
437,daru,-9.0763,143.2092,81.95,76,100,3.07,PG,1703634145
438,n'dalatando,-9.2978,14.9116,67.82000000000006,100,100,1.01,AO,1703634146
439,kiunga,-6.1219,141.2906,83.73200000000001,72,97,1.3,PG,1703634147
440,mulayjah,27.271,48.4242,62.564000000000036,45,4,3.01,SA,1703634148
441,carnarvon,-24.8667,113.6333,74.516,58,13,7.17,AU,1703634148
442,el-tor,28.2364,33.6254,65.28200000000001,56,0,5.74,EG,1703634149
443,pindushi,62.9152,34.58,13.946000000000048,98,100,0.57,RU,1703634150
444,nguigmi,14.2495,13.1092,59.81000000000008,26,0,5.33,NE,1703634150
445,keila,59.3036,24.4131,35.041999999999994,58,97,3.02,EE,1703634151
446,el granada,37.5027,-122.4694,60.242,78,20,2.06,US,1703634152
447,vikhorevka,56.1201,101.1636,-1.533999999999942,100,72,0.3,RU,1703634154
448,mana,5.6592,-53.7767,79.10600000000002,88,86,3.9,GF,1703634155
449,road town,18.4167,-64.6167,78.83600000000007,73,20,2.57,VG,1703634155
450,noumea,-22.2763,166.4572,94.98200000000001,95,33,3.47,NC,1703634156
451,ketchikan,55.3422,-131.6461,42.78200000000002,87,75,0.0,US,1703634156
452,minas de marcona,-15.2119,-75.1103,63.320000000000064,81,78,4.64,PE,1703634157
453,saudarkrokur,65.7461,-19.6394,32.18000000000004,93,100,2.59,IS,1703634157
454,anchorage,61.2181,-149.9003,10.65200000000008,84,75,4.02,US,1703634029
455,manta,-0.95,-80.7333,76.17200000000004,84,97,6.34,EC,1703634158
456,masjed soleyman,31.9364,49.3039,59.12600000000009,46,0,0.94,IR,1703634159
457,richards bay,-28.783,32.0377,65.642,81,100,3.28,ZA,1703634159
458,tofol,5.3248,163.0078,85.78399999999999,79,75,4.12,FM,1703634159
459,bamboo flat,11.7,92.7167,80.34800000000003,72,58,5.59,IN,1703634160
460,tindouf,27.6711,-8.1474,50.45,22,0,2.06,DZ,1703634160
461,brookings,44.3114,-96.7984,29.10200000000008,94,100,3.09,US,1703634162
462,chato,-2.6378,31.7669,70.79000000000002,82,100,1.24,TZ,1703634163
463,fort wellington,6.4,-57.6,79.16000000000008,82,50,4.28,GY,1703634165
464,enewetak,11.3474,162.3373,81.19400000000007,83,9,8.89,MH,1703634166
465,burang,30.25,81.1667,22.67600000000009,42,0,0.51,CN,1703634166
466,greenville,35.6127,-77.3663,62.15,88,40,2.57,US,1703633910
467,am timan,11.0297,20.2827,73.32800000000006,22,35,2.98,TD,1703634167
468,tshabong,-26.05,22.45,72.10400000000006,68,68,7.81,BW,1703634168
469,sovetskaya gavan',48.9723,140.2878,4.100000000000001,68,61,5.17,RU,1703634168
470,mushabani,22.5167,86.45,61.05200000000008,64,0,1.09,IN,1703634169
471,valparaiso,-33.0393,-71.6273,64.04000000000002,77,75,4.63,CL,1703634113
472,faaborg,55.0951,10.2423,41.0,82,7,9.15,DK,1703634170
473,tambura,5.6,27.4667,72.842,27,82,2.18,SS,1703634170
474,umluj,25.0213,37.2685,73.058,60,0,1.98,SA,1703634172
475,conception bay south,47.4999,-52.9981,38.912000000000056,91,100,8.32,CA,1703634172
476,aquin,18.2833,-73.4,77.63000000000004,79,44,1.07,HT,1703634172
477,cabo san lucas,22.8909,-109.9124,77.61200000000005,49,0,4.63,MX,1703634151
478,ghanzi,-21.5667,21.7833,76.13600000000007,62,11,4.14,BW,1703634174
479,sao jose da coroa grande,-8.8978,-35.1478,79.57400000000001,83,65,3.79,BR,1703634175
480,box elder,41.5005,-112.8764,25.25,82,100,0.28,US,1703634175
481,jayapura,-2.5333,140.7,78.18800000000005,96,100,1.94,ID,1703633630
482,filadelfia,39.9523,-75.1638,48.16400000000003,89,75,2.57,US,1703634083
483,kristiansund,63.1115,7.732,33.854000000000056,56,99,10.5,NO,1703634179
484,itupiranga,-5.1347,-49.3267,75.25400000000005,94,53,2.1,BR,1703634115
485,puerto deseado,-47.7503,-65.8938,62.438000000000045,44,51,11.23,AR,1703634179
486,naze,28.3667,129.4833,56.31800000000008,58,80,2.17,JP,1703634180
487,mgandu,-5.95,34.1333,63.23000000000004,90,100,2.81,TZ,1703634181
488,undurkhaan,47.3194,110.6556,1.5980000000000238,93,41,2.59,MN,1703634184
489,recreo,-29.2818,-65.061,85.56800000000008,30,93,8.03,AR,1703634184
490,shancheng,34.7953,116.0817,27.410000000000082,87,7,3.07,CN,1703634185
491,caleta olivia,-46.4393,-67.5281,65.31800000000008,51,43,6.93,AR,1703634185
492,galle,6.0367,80.217,76.55,89,79,2.91,LK,1703634186
493,prado,-17.3411,-39.2208,78.40400000000005,86,77,6.96,BR,1703633963
494,ubari,26.5921,12.7805,52.7,51,47,1.83,LY,1703634187
495,dahab,28.501,34.5134,68.59400000000008,48,16,2.68,EG,1703634187
496,sanibel,26.449,-82.0223,71.67200000000004,93,96,3.13,US,1703634024
497,cabedelo,-6.9811,-34.8339,79.98800000000004,83,82,3.39,BR,1703634188
498,ottumwa,41.02,-92.4113,36.14000000000002,98,100,0.89,US,1703634189
499,hobyo,5.3505,48.5268,78.85400000000006,78,69,9.75,SO,1703634189
500,tura,25.5198,90.2201,59.162000000000056,85,0,1.63,IN,1703634191
501,berdigestyakh,62.0989,126.6992,-22.719999999999956,100,98,1.1,RU,1703634191
502,suoyarvi,62.0833,32.35,15.583999999999993,98,100,0.74,RU,1703634192
503,tarauaca,-8.1614,-70.7656,74.10200000000007,99,100,1.37,BR,1703634192
504,touros,-5.1989,-35.4608,80.54600000000005,84,72,5.36,BR,1703634131
505,bagaha,27.1,84.0833,58.604000000000056,65,7,1.54,IN,1703634193
506,miles city,46.4083,-105.8406,27.5,68,100,1.73,US,1703634156
507,los zacatones,22.95,-102.05,58.01000000000008,32,100,3.5,MX,1703634195
508,cill airne,52.05,-9.5167,52.84400000000007,94,100,5.92,IE,1703634196
509,manda,-10.4667,34.5833,77.16200000000006,81,100,4.57,TZ,1703634197
510,fort bragg,35.139,-79.006,62.81600000000001,90,40,4.63,US,1703634197
511,isla vista,34.4133,-119.861,68.99000000000002,76,74,0.89,US,1703634198
512,mount pearl,47.5166,-52.7813,38.31800000000008,90,100,3.58,CA,1703634198
513,tuma,55.148,40.5537,25.304000000000052,93,100,2.74,RU,1703634199
514,juankoski,63.0667,28.35,19.25600000000003,98,100,0.49,FI,1703634199
515,coaldale,49.7167,-112.6185,38.39000000000002,54,44,8.43,CA,1703634200
516,aykhal,66.0,111.5,-18.921999999999933,100,100,2.34,RU,1703634201
517,chifeng,42.2683,118.9636,4.982000000000017,86,17,2.04,CN,1703634202
518,novyy urengoy,66.0833,76.6333,11.444000000000074,95,95,7.04,RU,1703634203
519,nyurba,63.2842,118.3319,-32.025999999999925,100,100,0.93,RU,1703634203
520,jaciara,-15.9653,-54.9683,76.35200000000007,74,88,1.1,BR,1703634204
521,kourou,5.1552,-52.6478,78.85400000000006,91,83,2.09,GF,1703634206
522,fort portal,0.6617,30.2748,66.27200000000003,70,100,0.77,UG,1703634207
523,kyparissia,37.2511,21.6736,56.67800000000007,65,100,3.58,GR,1703634208
524,vikulovo,56.8167,70.6107,25.88000000000004,93,100,10.93,RU,1703634210
525,belmonte,-15.8631,-38.8828,78.35,84,82,3.05,BR,1703634213
526,minot air force base,48.4209,-101.3391,26.78000000000004,72,40,5.14,US,1703634214
527,aras-asan,8.8908,126.3033,79.43000000000004,86,78,1.49,PH,1703634214
528,klaksvik,62.2266,-6.589,36.64400000000008,57,94,6.01,FO,1703634216
529,sungjibaegam,41.2428,128.7989,3.938000000000045,67,18,0.72,KP,1703634216
530,mount gambier,-37.8333,140.7667,64.79600000000005,79,100,2.8,AU,1703634216
531,bardai,11.65,7.2333,58.29800000000002,18,1,4.46,NG,1703634217
532,balugaon,20.1667,85.1,61.98800000000004,90,1,0.66,IN,1703634217
533,north haven,41.3909,-72.8595,45.788000000000046,95,100,0.45,US,1703634219
534,mahdia,35.5047,11.0622,51.74600000000005,67,34,0.79,TN,1703634219
535,leava,-14.3,-178.1667,83.28200000000001,81,100,7.19,WF,1703634219
536,sidi khaled,34.387,4.9879,54.806000000000026,38,78,1.02,DZ,1703634220
537,qamdo,31.1667,97.2333,12.830000000000041,46,0,0.95,CN,1703634220
538,enniskillen,54.3461,-7.6413,40.85600000000003,96,100,5.86,GB,1703634221
539,holualoa,19.6228,-155.9522,75.03800000000004,82,75,3.6,US,1703634222
540,necochea,-38.5473,-58.7368,61.10600000000003,88,43,5.26,AR,1703634222
541,rikaze,29.25,88.8833,27.446000000000048,22,1,0.74,CN,1703634223
542,marysville,48.0518,-122.1771,51.09800000000003,78,76,0.89,US,1703634224
543,kayangel,8.0823,134.7173,83.12000000000006,78,16,8.51,PW,1703634224
544,springbok,-29.6643,17.8865,67.62200000000004,29,11,2.32,ZA,1703634225
545,brigantine,39.4101,-74.3646,46.022000000000034,97,67,1.34,US,1703634226
546,sungailiat,-1.85,106.1333,79.142,89,98,1.31,ID,1703634227
